Section,Location Name,Full Warehouse Name (Barcode Value),Short Label
All Warehouses - GSS,Finished Goods,Finished Goods - GSS,FinishedGoods
All Warehouses - GSS,Goods In Transit,Goods In Transit - GSS,GoodsInTransit
All Warehouses - GSS,Stores,Stores - GSS,Stores
All Warehouses - GSS,Work In Progress,Work In Progress - GSS,WorkInProgress
Central Rack - GSS,Central Rack - A1,Central Rack - A1 - GSS,CentralRack-A1
Central Rack - GSS,Central Rack - A2,Central Rack - A2 - GSS,CentralRack-A2
Central Rack - GSS,Central Rack - A3,Central Rack - A3 - GSS,CentralRack-A3
Central Rack - GSS,Central Rack - A4,Central Rack - A4 - GSS,CentralRack-A4
Central Rack - GSS,Central Rack - A5,Central Rack - A5 - GSS,CentralRack-A5
Central Rack - GSS,Central Rack - B1,Central Rack - B1 - GSS,CentralRack-B1
Central Rack - GSS,Central Rack - B2,Central Rack - B2 - GSS,CentralRack-B2
Central Rack - GSS,Central Rack - B3,Central Rack - B3 - GSS,CentralRack-B3
Central Rack - GSS,Central Rack - B4,Central Rack - B4 - GSS,CentralRack-B4
Central Rack - GSS,Central Rack - B5,Central Rack - B5 - GSS,CentralRack-B5
Central Rack - GSS,Central Rack - C1,Central Rack - C1 - GSS,CentralRack-C1
Central Rack - GSS,Central Rack - C2,Central Rack - C2 - GSS,CentralRack-C2
Central Rack - GSS,Central Rack - C3,Central Rack - C3 - GSS,CentralRack-C3
Central Rack - GSS,Central Rack - C4,Central Rack - C4 - GSS,CentralRack-C4
Central Rack - GSS,Central Rack - C5,Central Rack - C5 - GSS,CentralRack-C5
Section 1 - GSS,Section 1 - A1,Section 1 - A1 - GSS,S1-A1
Section 1 - GSS,Section 1 - A10,Section 1 - A10 - GSS,S1-A10
Section 1 - GSS,Section 1 - A11,Section 1 - A11 - GSS,S1-A11
Section 1 - GSS,Section 1 - A12,Section 1 - A12 - GSS,S1-A12
Section 1 - GSS,Section 1 - A13,Section 1 - A13 - GSS,S1-A13
Section 1 - GSS,Section 1 - A14,Section 1 - A14 - GSS,S1-A14
Section 1 - GSS,Section 1 - A15,Section 1 - A15 - GSS,S1-A15
Section 1 - GSS,Section 1 - A16,Section 1 - A16 - GSS,S1-A16
Section 1 - GSS,Section 1 - A2,Section 1 - A2 - GSS,S1-A2
Section 1 - GSS,Section 1 - A3,Section 1 - A3 - GSS,S1-A3
Section 1 - GSS,Section 1 - A4,Section 1 - A4 - GSS,S1-A4
Section 1 - GSS,Section 1 - A5,Section 1 - A5 - GSS,S1-A5
Section 1 - GSS,Section 1 - A6,Section 1 - A6 - GSS,S1-A6
Section 1 - GSS,Section 1 - A7,Section 1 - A7 - GSS,S1-A7
Section 1 - GSS,Section 1 - A8,Section 1 - A8 - GSS,S1-A8
Section 1 - GSS,Section 1 - A9,Section 1 - A9 - GSS,S1-A9
Section 1 - GSS,Section 1 - AB13,Section 1 - AB13 - GSS,S1-AB13
Section 1 - GSS,Section 1 - AB14,Section 1 - AB14 - GSS,S1-AB14
Section 1 - GSS,Section 1 - AB15,Section 1 - AB15 - GSS,S1-AB15
Section 1 - GSS,Section 1 - AB16,Section 1 - AB16 - GSS,S1-AB16
Section 1 - GSS,Section 1 - B1,Section 1 - B1 - GSS,S1-B1
Section 1 - GSS,Section 1 - B10,Section 1 - B10 - GSS,S1-B10
Section 1 - GSS,Section 1 - B11,Section 1 - B11 - GSS,S1-B11
Section 1 - GSS,Section 1 - B12,Section 1 - B12 - GSS,S1-B12
Section 1 - GSS,Section 1 - B2,Section 1 - B2 - GSS,S1-B2
Section 1 - GSS,Section 1 - B3,Section 1 - B3 - GSS,S1-B3
Section 1 - GSS,Section 1 - B4,Section 1 - B4 - GSS,S1-B4
Section 1 - GSS,Section 1 - B5,Section 1 - B5 - GSS,S1-B5
Section 1 - GSS,Section 1 - B6,Section 1 - B6 - GSS,S1-B6
Section 1 - GSS,Section 1 - B7,Section 1 - B7 - GSS,S1-B7
Section 1 - GSS,Section 1 - B8,Section 1 - B8 - GSS,S1-B8
Section 1 - GSS,Section 1 - B9,Section 1 - B9 - GSS,S1-B9
Section 1 - GSS,Section 1 - C1,Section 1 - C1 - GSS,S1-C1
Section 1 - GSS,Section 1 - C10,Section 1 - C10 - GSS,S1-C10
Section 1 - GSS,Section 1 - C11,Section 1 - C11 - GSS,S1-C11
Section 1 - GSS,Section 1 - C12,Section 1 - C12 - GSS,S1-C12
Section 1 - GSS,Section 1 - C13,Section 1 - C13 - GSS,S1-C13
Section 1 - GSS,Section 1 - C14,Section 1 - C14 - GSS,S1-C14
Section 1 - GSS,Section 1 - C15,Section 1 - C15 - GSS,S1-C15
Section 1 - GSS,Section 1 - C16,Section 1 - C16 - GSS,S1-C16
Section 1 - GSS,Section 1 - C2,Section 1 - C2 - GSS,S1-C2
Section 1 - GSS,Section 1 - C3,Section 1 - C3 - GSS,S1-C3
Section 1 - GSS,Section 1 - C4,Section 1 - C4 - GSS,S1-C4
Section 1 - GSS,Section 1 - C5,Section 1 - C5 - GSS,S1-C5
Section 1 - GSS,Section 1 - C6,Section 1 - C6 - GSS,S1-C6
Section 1 - GSS,Section 1 - C7,Section 1 - C7 - GSS,S1-C7
Section 1 - GSS,Section 1 - C8,Section 1 - C8 - GSS,S1-C8
Section 1 - GSS,Section 1 - C9,Section 1 - C9 - GSS,S1-C9
Section 1 - GSS,Section 1 - D1,Section 1 - D1 - GSS,S1-D1
Section 1 - GSS,Section 1 - D10,Section 1 - D10 - GSS,S1-D10
Section 1 - GSS,Section 1 - D11,Section 1 - D11 - GSS,S1-D11
Section 1 - GSS,Section 1 - D12,Section 1 - D12 - GSS,S1-D12
Section 1 - GSS,Section 1 - D13,Section 1 - D13 - GSS,S1-D13
Section 1 - GSS,Section 1 - D14,Section 1 - D14 - GSS,S1-D14
Section 1 - GSS,Section 1 - D15,Section 1 - D15 - GSS,S1-D15
Section 1 - GSS,Section 1 - D16,Section 1 - D16 - GSS,S1-D16
Section 1 - GSS,Section 1 - D2,Section 1 - D2 - GSS,S1-D2
Section 1 - GSS,Section 1 - D3,Section 1 - D3 - GSS,S1-D3
Section 1 - GSS,Section 1 - D4,Section 1 - D4 - GSS,S1-D4
Section 1 - GSS,Section 1 - D5,Section 1 - D5 - GSS,S1-D5
Section 1 - GSS,Section 1 - D6,Section 1 - D6 - GSS,S1-D6
Section 1 - GSS,Section 1 - D7,Section 1 - D7 - GSS,S1-D7
Section 1 - GSS,Section 1 - D8,Section 1 - D8 - GSS,S1-D8
Section 1 - GSS,Section 1 - D9,Section 1 - D9 - GSS,S1-D9
Section 1 - GSS,Section 1 - E1,Section 1 - E1 - GSS,S1-E1
Section 1 - GSS,Section 1 - E10,Section 1 - E10 - GSS,S1-E10
Section 1 - GSS,Section 1 - E11,Section 1 - E11 - GSS,S1-E11
Section 1 - GSS,Section 1 - E12,Section 1 - E12 - GSS,S1-E12
Section 1 - GSS,Section 1 - E13,Section 1 - E13 - GSS,S1-E13
Section 1 - GSS,Section 1 - E14,Section 1 - E14 - GSS,S1-E14
Section 1 - GSS,Section 1 - E15,Section 1 - E15 - GSS,S1-E15
Section 1 - GSS,Section 1 - E16,Section 1 - E16 - GSS,S1-E16
Section 1 - GSS,Section 1 - E2,Section 1 - E2 - GSS,S1-E2
Section 1 - GSS,Section 1 - E3,Section 1 - E3 - GSS,S1-E3
Section 1 - GSS,Section 1 - E4,Section 1 - E4 - GSS,S1-E4
Section 1 - GSS,Section 1 - E5,Section 1 - E5 - GSS,S1-E5
Section 1 - GSS,Section 1 - E6,Section 1 - E6 - GSS,S1-E6
Section 1 - GSS,Section 1 - E7,Section 1 - E7 - GSS,S1-E7
Section 1 - GSS,Section 1 - E8,Section 1 - E8 - GSS,S1-E8
Section 1 - GSS,Section 1 - E9,Section 1 - E9 - GSS,S1-E9
Section 1 - GSS,Section 1 - F1,Section 1 - F1 - GSS,S1-F1
Section 1 - GSS,Section 1 - F10,Section 1 - F10 - GSS,S1-F10
Section 1 - GSS,Section 1 - F11,Section 1 - F11 - GSS,S1-F11
Section 1 - GSS,Section 1 - F12,Section 1 - F12 - GSS,S1-F12
Section 1 - GSS,Section 1 - F13,Section 1 - F13 - GSS,S1-F13
Section 1 - GSS,Section 1 - F14,Section 1 - F14 - GSS,S1-F14
Section 1 - GSS,Section 1 - F15,Section 1 - F15 - GSS,S1-F15
Section 1 - GSS,Section 1 - F16,Section 1 - F16 - GSS,S1-F16
Section 1 - GSS,Section 1 - F2,Section 1 - F2 - GSS,S1-F2
Section 1 - GSS,Section 1 - F3,Section 1 - F3 - GSS,S1-F3
Section 1 - GSS,Section 1 - F4,Section 1 - F4 - GSS,S1-F4
Section 1 - GSS,Section 1 - F5,Section 1 - F5 - GSS,S1-F5
Section 1 - GSS,Section 1 - F6,Section 1 - F6 - GSS,S1-F6
Section 1 - GSS,Section 1 - F7,Section 1 - F7 - GSS,S1-F7
Section 1 - GSS,Section 1 - F8,Section 1 - F8 - GSS,S1-F8
Section 1 - GSS,Section 1 - F9,Section 1 - F9 - GSS,S1-F9
Section 2 - GSS,Section 2 - Rack 1 - A1,Section 2 - Rack 1 - A1 - GSS,S2-Rack1-A1
Section 2 - GSS,Section 2 - Rack 1 - A2,Section 2 - Rack 1 - A2 - GSS,S2-Rack1-A2
Section 2 - GSS,Section 2 - Rack 1 - A3,Section 2 - Rack 1 - A3 - GSS,S2-Rack1-A3
Section 2 - GSS,Section 2 - Rack 1 - B1,Section 2 - Rack 1 - B1 - GSS,S2-Rack1-B1
Section 2 - GSS,Section 2 - Rack 1 - B2,Section 2 - Rack 1 - B2 - GSS,S2-Rack1-B2
Section 2 - GSS,Section 2 - Rack 1 - B3,Section 2 - Rack 1 - B3 - GSS,S2-Rack1-B3
Section 2 - GSS,Section 2 - Rack 1 - C1,Section 2 - Rack 1 - C1 - GSS,S2-Rack1-C1
Section 2 - GSS,Section 2 - Rack 1 - C2,Section 2 - Rack 1 - C2 - GSS,S2-Rack1-C2
Section 2 - GSS,Section 2 - Rack 1 - C3,Section 2 - Rack 1 - C3 - GSS,S2-Rack1-C3
Section 2 - GSS,Section 2 - Rack 1 - D1,Section 2 - Rack 1 - D1 - GSS,S2-Rack1-D1
Section 2 - GSS,Section 2 - Rack 1 - D2,Section 2 - Rack 1 - D2 - GSS,S2-Rack1-D2
Section 2 - GSS,Section 2 - Rack 1 - D3,Section 2 - Rack 1 - D3 - GSS,S2-Rack1-D3
Section 2 - GSS,Section 2 - Rack 1 - E1,Section 2 - Rack 1 - E1 - GSS,S2-Rack1-E1
Section 2 - GSS,Section 2 - Rack 1 - E2,Section 2 - Rack 1 - E2 - GSS,S2-Rack1-E2
Section 2 - GSS,Section 2 - Rack 1 - E3,Section 2 - Rack 1 - E3 - GSS,S2-Rack1-E3
Section 2 - GSS,Section 2 - Rack 2 - A1234,Section 2 - Rack 2 - A1234 - GSS,S2-Rack2-A1234
Section 2 - GSS,Section 2 - Rack 2 - B1,Section 2 - Rack 2 - B1 - GSS,S2-Rack2-B1
Section 2 - GSS,Section 2 - Rack 2 - B2,Section 2 - Rack 2 - B2 - GSS,S2-Rack2-B2
Section 2 - GSS,Section 2 - Rack 2 - B3,Section 2 - Rack 2 - B3 - GSS,S2-Rack2-B3
Section 2 - GSS,Section 2 - Rack 2 - B4,Section 2 - Rack 2 - B4 - GSS,S2-Rack2-B4
Section 2 - GSS,Section 2 - Rack 2 - C1,Section 2 - Rack 2 - C1 - GSS,S2-Rack2-C1
Section 2 - GSS,Section 2 - Rack 2 - C2,Section 2 - Rack 2 - C2 - GSS,S2-Rack2-C2
Section 2 - GSS,Section 2 - Rack 2 - C3,Section 2 - Rack 2 - C3 - GSS,S2-Rack2-C3
Section 2 - GSS,Section 2 - Rack 2 - C4,Section 2 - Rack 2 - C4 - GSS,S2-Rack2-C4
Section 2 - GSS,Section 2 - Rack 2 - D1,Section 2 - Rack 2 - D1 - GSS,S2-Rack2-D1
Section 2 - GSS,Section 2 - Rack 2 - D2,Section 2 - Rack 2 - D2 - GSS,S2-Rack2-D2
Section 2 - GSS,Section 2 - Rack 2 - D3,Section 2 - Rack 2 - D3 - GSS,S2-Rack2-D3
Section 2 - GSS,Section 2 - Rack 2 - D4,Section 2 - Rack 2 - D4 - GSS,S2-Rack2-D4
Section 2 - GSS,Section 2 - Rack 2 - E1,Section 2 - Rack 2 - E1 - GSS,S2-Rack2-E1
Section 2 - GSS,Section 2 - Rack 2 - E2,Section 2 - Rack 2 - E2 - GSS,S2-Rack2-E2
Section 2 - GSS,Section 2 - Rack 2 - E3,Section 2 - Rack 2 - E3 - GSS,S2-Rack2-E3
Section 2 - GSS,Section 2 - Rack 2 - E4,Section 2 - Rack 2 - E4 - GSS,S2-Rack2-E4
Section 3 - GSS,Section 3 - Rack 1 - A1,Section 3 - Rack 1 - A1 - GSS,S3-Rack1-A1
Section 3 - GSS,Section 3 - Rack 1 - A2,Section 3 - Rack 1 - A2 - GSS,S3-Rack1-A2
Section 3 - GSS,Section 3 - Rack 1 - B1,Section 3 - Rack 1 - B1 - GSS,S3-Rack1-B1
Section 3 - GSS,Section 3 - Rack 1 - B2,Section 3 - Rack 1 - B2 - GSS,S3-Rack1-B2
Section 3 - GSS,Section 3 - Rack 1 - C1,Section 3 - Rack 1 - C1 - GSS,S3-Rack1-C1
Section 3 - GSS,Section 3 - Rack 1 - C2,Section 3 - Rack 1 - C2 - GSS,S3-Rack1-C2
Section 3 - GSS,Section 3 - Rack 1 - D1,Section 3 - Rack 1 - D1 - GSS,S3-Rack1-D1
Section 3 - GSS,Section 3 - Rack 1 - D2,Section 3 - Rack 1 - D2 - GSS,S3-Rack1-D2
Section 3 - GSS,Section 3 - Rack 1 - E1,Section 3 - Rack 1 - E1 - GSS,S3-Rack1-E1
Section 3 - GSS,Section 3 - Rack 1 - E2,Section 3 - Rack 1 - E2 - GSS,S3-Rack1-E2
Section 3 - GSS,Section 3 - Rack 2 - A12,Section 3 - Rack 2 - A12 - GSS,S3-Rack2-A12
Section 3 - GSS,Section 3 - Rack 2 - B1,Section 3 - Rack 2 - B1 - GSS,S3-Rack2-B1
Section 3 - GSS,Section 3 - Rack 2 - B2,Section 3 - Rack 2 - B2 - GSS,S3-Rack2-B2
Section 3 - GSS,Section 3 - Rack 2 - C1,Section 3 - Rack 2 - C1 - GSS,S3-Rack2-C1
Section 3 - GSS,Section 3 - Rack 2 - C2,Section 3 - Rack 2 - C2 - GSS,S3-Rack2-C2
Section 3 - GSS,Section 3 - Rack 2 - D1,Section 3 - Rack 2 - D1 - GSS,S3-Rack2-D1
Section 3 - GSS,Section 3 - Rack 2 - D2,Section 3 - Rack 2 - D2 - GSS,S3-Rack2-D2
Section 3 - GSS,Section 3 - Rack 2 - E1,Section 3 - Rack 2 - E1 - GSS,S3-Rack2-E1
Section 3 - GSS,Section 3 - Rack 2 - E2,Section 3 - Rack 2 - E2 - GSS,S3-Rack2-E2
Section 3 - GSS,Section 3 - Rack 3 - A123456,Section 3 - Rack 3 - A123456 - GSS,S3-Rack3-A123456
Section 3 - GSS,Section 3 - Rack 3 - B1,Section 3 - Rack 3 - B1 - GSS,S3-Rack3-B1
Section 3 - GSS,Section 3 - Rack 3 - B2,Section 3 - Rack 3 - B2 - GSS,S3-Rack3-B2
Section 3 - GSS,Section 3 - Rack 3 - B3,Section 3 - Rack 3 - B3 - GSS,S3-Rack3-B3
Section 3 - GSS,Section 3 - Rack 3 - B4,Section 3 - Rack 3 - B4 - GSS,S3-Rack3-B4
Section 3 - GSS,Section 3 - Rack 3 - B5,Section 3 - Rack 3 - B5 - GSS,S3-Rack3-B5
Section 3 - GSS,Section 3 - Rack 3 - B6,Section 3 - Rack 3 - B6 - GSS,S3-Rack3-B6
Section 3 - GSS,Section 3 - Rack 3 - C1,Section 3 - Rack 3 - C1 - GSS,S3-Rack3-C1
Section 3 - GSS,Section 3 - Rack 3 - C2,Section 3 - Rack 3 - C2 - GSS,S3-Rack3-C2
Section 3 - GSS,Section 3 - Rack 3 - C3,Section 3 - Rack 3 - C3 - GSS,S3-Rack3-C3
Section 3 - GSS,Section 3 - Rack 3 - C4,Section 3 - Rack 3 - C4 - GSS,S3-Rack3-C4
Section 3 - GSS,Section 3 - Rack 3 - C5,Section 3 - Rack 3 - C5 - GSS,S3-Rack3-C5
Section 3 - GSS,Section 3 - Rack 3 - C6,Section 3 - Rack 3 - C6 - GSS,S3-Rack3-C6
Section 3 - GSS,Section 3 - Rack 3 - D1,Section 3 - Rack 3 - D1 - GSS,S3-Rack3-D1
Section 3 - GSS,Section 3 - Rack 3 - D2,Section 3 - Rack 3 - D2 - GSS,S3-Rack3-D2
Section 3 - GSS,Section 3 - Rack 3 - D3,Section 3 - Rack 3 - D3 - GSS,S3-Rack3-D3
Section 3 - GSS,Section 3 - Rack 3 - D4,Section 3 - Rack 3 - D4 - GSS,S3-Rack3-D4
Section 3 - GSS,Section 3 - Rack 3 - D5,Section 3 - Rack 3 - D5 - GSS,S3-Rack3-D5
Section 3 - GSS,Section 3 - Rack 3 - D6,Section 3 - Rack 3 - D6 - GSS,S3-Rack3-D6
Section 3 - GSS,Section 3 - Rack 3 - E1,Section 3 - Rack 3 - E1 - GSS,S3-Rack3-E1
Section 3 - GSS,Section 3 - Rack 3 - E2,Section 3 - Rack 3 - E2 - GSS,S3-Rack3-E2
Section 3 - GSS,Section 3 - Rack 3 - E3,Section 3 - Rack 3 - E3 - GSS,S3-Rack3-E3
Section 3 - GSS,Section 3 - Rack 3 - E4,Section 3 - Rack 3 - E4 - GSS,S3-Rack3-E4
Section 3 - GSS,Section 3 - Rack 3 - E5,Section 3 - Rack 3 - E5 - GSS,S3-Rack3-E5
Section 3 - GSS,Section 3 - Rack 3 - E6,Section 3 - Rack 3 - E6 - GSS,S3-Rack3-E6
Section 3 - GSS,Section 3 - Rack 4 - A1,Section 3 - Rack 4 - A1 - GSS,S3-Rack4-A1
Section 3 - GSS,Section 3 - Rack 4 - B1,Section 3 - Rack 4 - B1 - GSS,S3-Rack4-B1
Section 3 - GSS,Section 3 - Rack 4 - C1,Section 3 - Rack 4 - C1 - GSS,S3-Rack4-C1
Section 3 - GSS,Section 3 - Rack 4 - D1,Section 3 - Rack 4 - D1 - GSS,S3-Rack4-D1
Section 3 - GSS,Section 3 - Rack 4 - E1,Section 3 - Rack 4 - E1 - GSS,S3-Rack4-E1
Section 4 - GSS,Section 4 - A1,Section 4 - A1 - GSS,S4-A1
Section 4 - GSS,Section 4 - A2,Section 4 - A2 - GSS,S4-A2
Section 4 - GSS,Section 4 - A3,Section 4 - A3 - GSS,S4-A3
Section 4 - GSS,Section 4 - A4,Section 4 - A4 - GSS,S4-A4
Section 4 - GSS,Section 4 - B1,Section 4 - B1 - GSS,S4-B1
Section 4 - GSS,Section 4 - B2,Section 4 - B2 - GSS,S4-B2
Section 4 - GSS,Section 4 - B3,Section 4 - B3 - GSS,S4-B3
Section 4 - GSS,Section 4 - B4,Section 4 - B4 - GSS,S4-B4
Section 4 - GSS,Section 4 - C1,Section 4 - C1 - GSS,S4-C1
Section 4 - GSS,Section 4 - C2,Section 4 - C2 - GSS,S4-C2
Section 4 - GSS,Section 4 - C3,Section 4 - C3 - GSS,S4-C3
Section 4 - GSS,Section 4 - C4,Section 4 - C4 - GSS,S4-C4
Section 4 - GSS,Section 4 - D1,Section 4 - D1 - GSS,S4-D1
Section 4 - GSS,Section 4 - D2,Section 4 - D2 - GSS,S4-D2
Section 4 - GSS,Section 4 - D3,Section 4 - D3 - GSS,S4-D3
Section 4 - GSS,Section 4 - D4,Section 4 - D4 - GSS,S4-D4
Section 4 - GSS,Section 4 - E1,Section 4 - E1 - GSS,S4-E1
Section 4 - GSS,Section 4 - E2,Section 4 - E2 - GSS,S4-E2
Section 4 - GSS,Section 4 - E3,Section 4 - E3 - GSS,S4-E3
Section 4 - GSS,Section 4 - E4,Section 4 - E4 - GSS,S4-E4
Section 4 - GSS,Section 4 - F1,Section 4 - F1 - GSS,S4-F1
Section 4 - GSS,Section 4 - F2,Section 4 - F2 - GSS,S4-F2
Section 4 - GSS,Section 4 - F3,Section 4 - F3 - GSS,S4-F3
Section 4 - GSS,Section 4 - F4,Section 4 - F4 - GSS,S4-F4
Section 4 - GSS,Section 4 - G1,Section 4 - G1 - GSS,S4-G1
Section 4 - GSS,Section 4 - G2,Section 4 - G2 - GSS,S4-G2
Section 4 - GSS,Section 4 - G3,Section 4 - G3 - GSS,S4-G3
Section 4 - GSS,Section 4 - G4,Section 4 - G4 - GSS,S4-G4
Section 5 - GSS,Section 5 - A1,Section 5 - A1 - GSS,S5-A1
Section 5 - GSS,Section 5 - A2,Section 5 - A2 - GSS,S5-A2
Section 5 - GSS,Section 5 - B1,Section 5 - B1 - GSS,S5-B1
Section 5 - GSS,Section 5 - B2,Section 5 - B2 - GSS,S5-B2
Section 5 - GSS,Section 5 - C1,Section 5 - C1 - GSS,S5-C1
Section 5 - GSS,Section 5 - C2,Section 5 - C2 - GSS,S5-C2
Section 5 - GSS,Section 5 - D1,Section 5 - D1 - GSS,S5-D1
Section 5 - GSS,Section 5 - D2,Section 5 - D2 - GSS,S5-D2
Section 5 - GSS,Section 5 - E1,Section 5 - E1 - GSS,S5-E1
Section 5 - GSS,Section 5 - E2,Section 5 - E2 - GSS,S5-E2
