Section,Location Name,Full Warehouse Name,Barcode
All Warehouses - GSS,Work In Progress,Work In Progress - GSS,WH-MAIN-0002
All Warehouses - GSS,Finished Goods,Finished Goods - GSS,WH-MAIN-0003
All Warehouses - GSS,Stores,Stores - GSS,WH-MAIN-0004
All Warehouses - GSS,Goods In Transit,Goods In Transit - GSS,WH-MAIN-0005
Central Rack - GSS,Central Rack - A1,Central Rack - A1 - GSS,WH-RM-00193
Central Rack - GSS,Central Rack - A2,Central Rack - A2 - GSS,WH-RM-00194
Central Rack - GSS,Central Rack - A3,Central Rack - A3 - GSS,WH-RM-00195
Central Rack - GSS,Central Rack - A4,Central Rack - A4 - GSS,WH-RM-00196
Central Rack - GSS,Central Rack - A5,Central Rack - A5 - GSS,WH-RM-00197
Central Rack - GSS,Central Rack - B1,Central Rack - B1 - GSS,WH-RM-00198
Central Rack - GSS,Central Rack - B2,Central Rack - B2 - GSS,WH-RM-00199
Central Rack - GSS,Central Rack - B3,Central Rack - B3 - GSS,WH-RM-00200
Central Rack - GSS,Central Rack - B4,Central Rack - B4 - GSS,WH-RM-00201
Central Rack - GSS,Central Rack - B5,Central Rack - B5 - GSS,WH-RM-00202
Central Rack - GSS,Central Rack - C1,Central Rack - C1 - GSS,WH-RM-00203
Central Rack - GSS,Central Rack - C2,Central Rack - C2 - GSS,WH-RM-00204
Central Rack - GSS,Central Rack - C3,Central Rack - C3 - GSS,WH-RM-00205
Central Rack - GSS,Central Rack - C4,Central Rack - C4 - GSS,WH-RM-00206
Central Rack - GSS,Central Rack - C5,Central Rack - C5 - GSS,WH-RM-00207
Section 1 - GSS,Section 1 - A1,Section 1 - A1 - GSS,WH-RM-00002
Section 1 - GSS,Section 1 - A2,Section 1 - A2 - GSS,WH-RM-00003
Section 1 - GSS,Section 1 - A3,Section 1 - A3 - GSS,WH-RM-00004
Section 1 - GSS,Section 1 - A4,Section 1 - A4 - GSS,WH-RM-00005
Section 1 - GSS,Section 1 - A5,Section 1 - A5 - GSS,WH-RM-00006
Section 1 - GSS,Section 1 - A6,Section 1 - A6 - GSS,WH-RM-00007
Section 1 - GSS,Section 1 - A7,Section 1 - A7 - GSS,WH-RM-00008
Section 1 - GSS,Section 1 - A8,Section 1 - A8 - GSS,WH-RM-00009
Section 1 - GSS,Section 1 - A9,Section 1 - A9 - GSS,WH-RM-00010
Section 1 - GSS,Section 1 - A10,Section 1 - A10 - GSS,WH-RM-00011
Section 1 - GSS,Section 1 - A11,Section 1 - A11 - GSS,WH-RM-00012
Section 1 - GSS,Section 1 - A12,Section 1 - A12 - GSS,WH-RM-00013
Section 1 - GSS,Section 1 - A13,Section 1 - A13 - GSS,WH-RM-00014
Section 1 - GSS,Section 1 - A14,Section 1 - A14 - GSS,WH-RM-00015
Section 1 - GSS,Section 1 - A15,Section 1 - A15 - GSS,WH-RM-00016
Section 1 - GSS,Section 1 - A16,Section 1 - A16 - GSS,WH-RM-00017
Section 1 - GSS,Section 1 - B1,Section 1 - B1 - GSS,WH-RM-00018
Section 1 - GSS,Section 1 - B2,Section 1 - B2 - GSS,WH-RM-00019
Section 1 - GSS,Section 1 - B3,Section 1 - B3 - GSS,WH-RM-00020
Section 1 - GSS,Section 1 - B4,Section 1 - B4 - GSS,WH-RM-00021
Section 1 - GSS,Section 1 - B5,Section 1 - B5 - GSS,WH-RM-00022
Section 1 - GSS,Section 1 - B6,Section 1 - B6 - GSS,WH-RM-00023
Section 1 - GSS,Section 1 - B7,Section 1 - B7 - GSS,WH-RM-00024
Section 1 - GSS,Section 1 - B8,Section 1 - B8 - GSS,WH-RM-00025
Section 1 - GSS,Section 1 - B9,Section 1 - B9 - GSS,WH-RM-00026
Section 1 - GSS,Section 1 - B10,Section 1 - B10 - GSS,WH-RM-00027
Section 1 - GSS,Section 1 - B11,Section 1 - B11 - GSS,WH-RM-00028
Section 1 - GSS,Section 1 - B12,Section 1 - B12 - GSS,WH-RM-00029
Section 1 - GSS,Section 1 - AB13,Section 1 - AB13 - GSS,WH-RM-00030
Section 1 - GSS,Section 1 - AB14,Section 1 - AB14 - GSS,WH-RM-00031
Section 1 - GSS,Section 1 - AB15,Section 1 - AB15 - GSS,WH-RM-00032
Section 1 - GSS,Section 1 - AB16,Section 1 - AB16 - GSS,WH-RM-00033
Section 1 - GSS,Section 1 - C1,Section 1 - C1 - GSS,WH-RM-00034
Section 1 - GSS,Section 1 - C2,Section 1 - C2 - GSS,WH-RM-00035
Section 1 - GSS,Section 1 - C3,Section 1 - C3 - GSS,WH-RM-00036
Section 1 - GSS,Section 1 - C4,Section 1 - C4 - GSS,WH-RM-00037
Section 1 - GSS,Section 1 - C5,Section 1 - C5 - GSS,WH-RM-00038
Section 1 - GSS,Section 1 - C6,Section 1 - C6 - GSS,WH-RM-00039
Section 1 - GSS,Section 1 - C7,Section 1 - C7 - GSS,WH-RM-00040
Section 1 - GSS,Section 1 - C8,Section 1 - C8 - GSS,WH-RM-00041
Section 1 - GSS,Section 1 - C9,Section 1 - C9 - GSS,WH-RM-00042
Section 1 - GSS,Section 1 - C10,Section 1 - C10 - GSS,WH-RM-00043
Section 1 - GSS,Section 1 - C11,Section 1 - C11 - GSS,WH-RM-00044
Section 1 - GSS,Section 1 - C12,Section 1 - C12 - GSS,WH-RM-00045
Section 1 - GSS,Section 1 - C13,Section 1 - C13 - GSS,WH-RM-00046
Section 1 - GSS,Section 1 - C14,Section 1 - C14 - GSS,WH-RM-00047
Section 1 - GSS,Section 1 - C15,Section 1 - C15 - GSS,WH-RM-00048
Section 1 - GSS,Section 1 - C16,Section 1 - C16 - GSS,WH-RM-00049
Section 1 - GSS,Section 1 - D1,Section 1 - D1 - GSS,WH-RM-00050
Section 1 - GSS,Section 1 - D2,Section 1 - D2 - GSS,WH-RM-00051
Section 1 - GSS,Section 1 - D3,Section 1 - D3 - GSS,WH-RM-00052
Section 1 - GSS,Section 1 - D4,Section 1 - D4 - GSS,WH-RM-00053
Section 1 - GSS,Section 1 - D5,Section 1 - D5 - GSS,WH-RM-00054
Section 1 - GSS,Section 1 - D6,Section 1 - D6 - GSS,WH-RM-00055
Section 1 - GSS,Section 1 - D7,Section 1 - D7 - GSS,WH-RM-00056
Section 1 - GSS,Section 1 - D8,Section 1 - D8 - GSS,WH-RM-00057
Section 1 - GSS,Section 1 - D9,Section 1 - D9 - GSS,WH-RM-00058
Section 1 - GSS,Section 1 - D10,Section 1 - D10 - GSS,WH-RM-00059
Section 1 - GSS,Section 1 - D11,Section 1 - D11 - GSS,WH-RM-00060
Section 1 - GSS,Section 1 - D12,Section 1 - D12 - GSS,WH-RM-00061
Section 1 - GSS,Section 1 - D13,Section 1 - D13 - GSS,WH-RM-00062
Section 1 - GSS,Section 1 - D14,Section 1 - D14 - GSS,WH-RM-00063
Section 1 - GSS,Section 1 - D15,Section 1 - D15 - GSS,WH-RM-00064
Section 1 - GSS,Section 1 - D16,Section 1 - D16 - GSS,WH-RM-00065
Section 1 - GSS,Section 1 - E1,Section 1 - E1 - GSS,WH-RM-00066
Section 1 - GSS,Section 1 - E2,Section 1 - E2 - GSS,WH-RM-00067
Section 1 - GSS,Section 1 - E3,Section 1 - E3 - GSS,WH-RM-00068
Section 1 - GSS,Section 1 - E4,Section 1 - E4 - GSS,WH-RM-00069
Section 1 - GSS,Section 1 - E5,Section 1 - E5 - GSS,WH-RM-00070
Section 1 - GSS,Section 1 - E6,Section 1 - E6 - GSS,WH-RM-00071
Section 1 - GSS,Section 1 - E7,Section 1 - E7 - GSS,WH-RM-00072
Section 1 - GSS,Section 1 - E8,Section 1 - E8 - GSS,WH-RM-00073
Section 1 - GSS,Section 1 - E9,Section 1 - E9 - GSS,WH-RM-00074
Section 1 - GSS,Section 1 - E10,Section 1 - E10 - GSS,WH-RM-00075
Section 1 - GSS,Section 1 - E11,Section 1 - E11 - GSS,WH-RM-00076
Section 1 - GSS,Section 1 - E12,Section 1 - E12 - GSS,WH-RM-00077
Section 1 - GSS,Section 1 - E13,Section 1 - E13 - GSS,WH-RM-00078
Section 1 - GSS,Section 1 - E14,Section 1 - E14 - GSS,WH-RM-00079
Section 1 - GSS,Section 1 - E15,Section 1 - E15 - GSS,WH-RM-00080
Section 1 - GSS,Section 1 - E16,Section 1 - E16 - GSS,WH-RM-00081
Section 1 - GSS,Section 1 - F1,Section 1 - F1 - GSS,WH-RM-00082
Section 1 - GSS,Section 1 - F2,Section 1 - F2 - GSS,WH-RM-00083
Section 1 - GSS,Section 1 - F3,Section 1 - F3 - GSS,WH-RM-00084
Section 1 - GSS,Section 1 - F4,Section 1 - F4 - GSS,WH-RM-00085
Section 1 - GSS,Section 1 - F5,Section 1 - F5 - GSS,WH-RM-00086
Section 1 - GSS,Section 1 - F6,Section 1 - F6 - GSS,WH-RM-00087
Section 1 - GSS,Section 1 - F7,Section 1 - F7 - GSS,WH-RM-00088
Section 1 - GSS,Section 1 - F8,Section 1 - F8 - GSS,WH-RM-00089
Section 1 - GSS,Section 1 - F9,Section 1 - F9 - GSS,WH-RM-00090
Section 1 - GSS,Section 1 - F10,Section 1 - F10 - GSS,WH-RM-00091
Section 1 - GSS,Section 1 - F11,Section 1 - F11 - GSS,WH-RM-00092
Section 1 - GSS,Section 1 - F12,Section 1 - F12 - GSS,WH-RM-00093
Section 1 - GSS,Section 1 - F13,Section 1 - F13 - GSS,WH-RM-00094
Section 1 - GSS,Section 1 - F14,Section 1 - F14 - GSS,WH-RM-00095
Section 1 - GSS,Section 1 - F15,Section 1 - F15 - GSS,WH-RM-00096
Section 1 - GSS,Section 1 - F16,Section 1 - F16 - GSS,WH-RM-00097
Section 2 - GSS,Section 2 - Rack 1 - A1,Section 2 - Rack 1 - A1 - GSS,WH-RM-00099
Section 2 - GSS,Section 2 - Rack 1 - A2,Section 2 - Rack 1 - A2 - GSS,WH-RM-00100
Section 2 - GSS,Section 2 - Rack 1 - A3,Section 2 - Rack 1 - A3 - GSS,WH-RM-00101
Section 2 - GSS,Section 2 - Rack 1 - B1,Section 2 - Rack 1 - B1 - GSS,WH-RM-00102
Section 2 - GSS,Section 2 - Rack 1 - B2,Section 2 - Rack 1 - B2 - GSS,WH-RM-00103
Section 2 - GSS,Section 2 - Rack 1 - B3,Section 2 - Rack 1 - B3 - GSS,WH-RM-00104
Section 2 - GSS,Section 2 - Rack 1 - C1,Section 2 - Rack 1 - C1 - GSS,WH-RM-00105
Section 2 - GSS,Section 2 - Rack 1 - C2,Section 2 - Rack 1 - C2 - GSS,WH-RM-00106
Section 2 - GSS,Section 2 - Rack 1 - C3,Section 2 - Rack 1 - C3 - GSS,WH-RM-00107
Section 2 - GSS,Section 2 - Rack 1 - D1,Section 2 - Rack 1 - D1 - GSS,WH-RM-00108
Section 2 - GSS,Section 2 - Rack 1 - D2,Section 2 - Rack 1 - D2 - GSS,WH-RM-00109
Section 2 - GSS,Section 2 - Rack 1 - D3,Section 2 - Rack 1 - D3 - GSS,WH-RM-00110
Section 2 - GSS,Section 2 - Rack 1 - E1,Section 2 - Rack 1 - E1 - GSS,WH-RM-00111
Section 2 - GSS,Section 2 - Rack 1 - E2,Section 2 - Rack 1 - E2 - GSS,WH-RM-00112
Section 2 - GSS,Section 2 - Rack 1 - E3,Section 2 - Rack 1 - E3 - GSS,WH-RM-00113
Section 2 - GSS,Section 2 - Rack 2 - A1234,Section 2 - Rack 2 - A1234 - GSS,WH-RM-00114
Section 2 - GSS,Section 2 - Rack 2 - B1,Section 2 - Rack 2 - B1 - GSS,WH-RM-00115
Section 2 - GSS,Section 2 - Rack 2 - B2,Section 2 - Rack 2 - B2 - GSS,WH-RM-00116
Section 2 - GSS,Section 2 - Rack 2 - B3,Section 2 - Rack 2 - B3 - GSS,WH-RM-00117
Section 2 - GSS,Section 2 - Rack 2 - B4,Section 2 - Rack 2 - B4 - GSS,WH-RM-00118
Section 2 - GSS,Section 2 - Rack 2 - C1,Section 2 - Rack 2 - C1 - GSS,WH-RM-00119
Section 2 - GSS,Section 2 - Rack 2 - C2,Section 2 - Rack 2 - C2 - GSS,WH-RM-00120
Section 2 - GSS,Section 2 - Rack 2 - C3,Section 2 - Rack 2 - C3 - GSS,WH-RM-00121
Section 2 - GSS,Section 2 - Rack 2 - C4,Section 2 - Rack 2 - C4 - GSS,WH-RM-00122
Section 2 - GSS,Section 2 - Rack 2 - D1,Section 2 - Rack 2 - D1 - GSS,WH-RM-00123
Section 2 - GSS,Section 2 - Rack 2 - D2,Section 2 - Rack 2 - D2 - GSS,WH-RM-00124
Section 2 - GSS,Section 2 - Rack 2 - D3,Section 2 - Rack 2 - D3 - GSS,WH-RM-00125
Section 2 - GSS,Section 2 - Rack 2 - D4,Section 2 - Rack 2 - D4 - GSS,WH-RM-00126
Section 2 - GSS,Section 2 - Rack 2 - E1,Section 2 - Rack 2 - E1 - GSS,WH-RM-00127
Section 2 - GSS,Section 2 - Rack 2 - E2,Section 2 - Rack 2 - E2 - GSS,WH-RM-00128
Section 2 - GSS,Section 2 - Rack 2 - E3,Section 2 - Rack 2 - E3 - GSS,WH-RM-00129
Section 2 - GSS,Section 2 - Rack 2 - E4,Section 2 - Rack 2 - E4 - GSS,WH-RM-00130
Section 3 - GSS,Section 3 - Rack 1 - A1,Section 3 - Rack 1 - A1 - GSS,WH-RM-00132
Section 3 - GSS,Section 3 - Rack 1 - A2,Section 3 - Rack 1 - A2 - GSS,WH-RM-00133
Section 3 - GSS,Section 3 - Rack 1 - B1,Section 3 - Rack 1 - B1 - GSS,WH-RM-00134
Section 3 - GSS,Section 3 - Rack 1 - B2,Section 3 - Rack 1 - B2 - GSS,WH-RM-00135
Section 3 - GSS,Section 3 - Rack 1 - C1,Section 3 - Rack 1 - C1 - GSS,WH-RM-00136
Section 3 - GSS,Section 3 - Rack 1 - C2,Section 3 - Rack 1 - C2 - GSS,WH-RM-00137
Section 3 - GSS,Section 3 - Rack 1 - D1,Section 3 - Rack 1 - D1 - GSS,WH-RM-00138
Section 3 - GSS,Section 3 - Rack 1 - D2,Section 3 - Rack 1 - D2 - GSS,WH-RM-00139
Section 3 - GSS,Section 3 - Rack 1 - E1,Section 3 - Rack 1 - E1 - GSS,WH-RM-00140
Section 3 - GSS,Section 3 - Rack 1 - E2,Section 3 - Rack 1 - E2 - GSS,WH-RM-00141
Section 3 - GSS,Section 3 - Rack 2 - A12,Section 3 - Rack 2 - A12 - GSS,WH-RM-00142
Section 3 - GSS,Section 3 - Rack 2 - B1,Section 3 - Rack 2 - B1 - GSS,WH-RM-00143
Section 3 - GSS,Section 3 - Rack 2 - B2,Section 3 - Rack 2 - B2 - GSS,WH-RM-00144
Section 3 - GSS,Section 3 - Rack 2 - C1,Section 3 - Rack 2 - C1 - GSS,WH-RM-00145
Section 3 - GSS,Section 3 - Rack 2 - C2,Section 3 - Rack 2 - C2 - GSS,WH-RM-00146
Section 3 - GSS,Section 3 - Rack 2 - D1,Section 3 - Rack 2 - D1 - GSS,WH-RM-00147
Section 3 - GSS,Section 3 - Rack 2 - D2,Section 3 - Rack 2 - D2 - GSS,WH-RM-00148
Section 3 - GSS,Section 3 - Rack 2 - E1,Section 3 - Rack 2 - E1 - GSS,WH-RM-00149
Section 3 - GSS,Section 3 - Rack 2 - E2,Section 3 - Rack 2 - E2 - GSS,WH-RM-00150
Section 3 - GSS,Section 3 - Rack 3 - A123456,Section 3 - Rack 3 - A123456 - GSS,WH-RM-00151
Section 3 - GSS,Section 3 - Rack 3 - B1,Section 3 - Rack 3 - B1 - GSS,WH-RM-00152
Section 3 - GSS,Section 3 - Rack 3 - B2,Section 3 - Rack 3 - B2 - GSS,WH-RM-00153
Section 3 - GSS,Section 3 - Rack 3 - B3,Section 3 - Rack 3 - B3 - GSS,WH-RM-00154
Section 3 - GSS,Section 3 - Rack 3 - B4,Section 3 - Rack 3 - B4 - GSS,WH-RM-00155
Section 3 - GSS,Section 3 - Rack 3 - B5,Section 3 - Rack 3 - B5 - GSS,WH-RM-00156
Section 3 - GSS,Section 3 - Rack 3 - B6,Section 3 - Rack 3 - B6 - GSS,WH-RM-00157
Section 3 - GSS,Section 3 - Rack 3 - C1,Section 3 - Rack 3 - C1 - GSS,WH-RM-00158
Section 3 - GSS,Section 3 - Rack 3 - C2,Section 3 - Rack 3 - C2 - GSS,WH-RM-00159
Section 3 - GSS,Section 3 - Rack 3 - C3,Section 3 - Rack 3 - C3 - GSS,WH-RM-00160
Section 3 - GSS,Section 3 - Rack 3 - C4,Section 3 - Rack 3 - C4 - GSS,WH-RM-00161
Section 3 - GSS,Section 3 - Rack 3 - C5,Section 3 - Rack 3 - C5 - GSS,WH-RM-00162
Section 3 - GSS,Section 3 - Rack 3 - C6,Section 3 - Rack 3 - C6 - GSS,WH-RM-00163
Section 3 - GSS,Section 3 - Rack 3 - D1,Section 3 - Rack 3 - D1 - GSS,WH-RM-00164
Section 3 - GSS,Section 3 - Rack 3 - D2,Section 3 - Rack 3 - D2 - GSS,WH-RM-00165
Section 3 - GSS,Section 3 - Rack 3 - D3,Section 3 - Rack 3 - D3 - GSS,WH-RM-00166
Section 3 - GSS,Section 3 - Rack 3 - D4,Section 3 - Rack 3 - D4 - GSS,WH-RM-00167
Section 3 - GSS,Section 3 - Rack 3 - D5,Section 3 - Rack 3 - D5 - GSS,WH-RM-00168
Section 3 - GSS,Section 3 - Rack 3 - D6,Section 3 - Rack 3 - D6 - GSS,WH-RM-00169
Section 3 - GSS,Section 3 - Rack 3 - E1,Section 3 - Rack 3 - E1 - GSS,WH-RM-00170
Section 3 - GSS,Section 3 - Rack 3 - E2,Section 3 - Rack 3 - E2 - GSS,WH-RM-00171
Section 3 - GSS,Section 3 - Rack 3 - E3,Section 3 - Rack 3 - E3 - GSS,WH-RM-00172
Section 3 - GSS,Section 3 - Rack 3 - E4,Section 3 - Rack 3 - E4 - GSS,WH-RM-00173
Section 3 - GSS,Section 3 - Rack 3 - E5,Section 3 - Rack 3 - E5 - GSS,WH-RM-00174
Section 3 - GSS,Section 3 - Rack 3 - E6,Section 3 - Rack 3 - E6 - GSS,WH-RM-00175
Section 3 - GSS,Section 3 - Rack 4 - A1,Section 3 - Rack 4 - A1 - GSS,WH-RM-00176
Section 3 - GSS,Section 3 - Rack 4 - B1,Section 3 - Rack 4 - B1 - GSS,WH-RM-00177
Section 3 - GSS,Section 3 - Rack 4 - C1,Section 3 - Rack 4 - C1 - GSS,WH-RM-00178
Section 3 - GSS,Section 3 - Rack 4 - D1,Section 3 - Rack 4 - D1 - GSS,WH-RM-00179
Section 3 - GSS,Section 3 - Rack 4 - E1,Section 3 - Rack 4 - E1 - GSS,WH-RM-00180
Section 4 - GSS,Section 4 - A1,Section 4 - A1 - GSS,WH-RM-00209
Section 4 - GSS,Section 4 - A2,Section 4 - A2 - GSS,WH-RM-00210
Section 4 - GSS,Section 4 - A3,Section 4 - A3 - GSS,WH-RM-00211
Section 4 - GSS,Section 4 - A4,Section 4 - A4 - GSS,WH-RM-00212
Section 4 - GSS,Section 4 - B1,Section 4 - B1 - GSS,WH-RM-00213
Section 4 - GSS,Section 4 - B2,Section 4 - B2 - GSS,WH-RM-00214
Section 4 - GSS,Section 4 - B3,Section 4 - B3 - GSS,WH-RM-00215
Section 4 - GSS,Section 4 - B4,Section 4 - B4 - GSS,WH-RM-00216
Section 4 - GSS,Section 4 - C1,Section 4 - C1 - GSS,WH-RM-00217
Section 4 - GSS,Section 4 - C2,Section 4 - C2 - GSS,WH-RM-00218
Section 4 - GSS,Section 4 - C3,Section 4 - C3 - GSS,WH-RM-00219
Section 4 - GSS,Section 4 - C4,Section 4 - C4 - GSS,WH-RM-00220
Section 4 - GSS,Section 4 - D1,Section 4 - D1 - GSS,WH-RM-00221
Section 4 - GSS,Section 4 - D2,Section 4 - D2 - GSS,WH-RM-00222
Section 4 - GSS,Section 4 - D3,Section 4 - D3 - GSS,WH-RM-00223
Section 4 - GSS,Section 4 - D4,Section 4 - D4 - GSS,WH-RM-00224
Section 4 - GSS,Section 4 - E1,Section 4 - E1 - GSS,WH-RM-00225
Section 4 - GSS,Section 4 - E2,Section 4 - E2 - GSS,WH-RM-00226
Section 4 - GSS,Section 4 - E3,Section 4 - E3 - GSS,WH-RM-00227
Section 4 - GSS,Section 4 - E4,Section 4 - E4 - GSS,WH-RM-00228
Section 4 - GSS,Section 4 - F1,Section 4 - F1 - GSS,WH-RM-00229
Section 4 - GSS,Section 4 - F2,Section 4 - F2 - GSS,WH-RM-00230
Section 4 - GSS,Section 4 - F3,Section 4 - F3 - GSS,WH-RM-00231
Section 4 - GSS,Section 4 - F4,Section 4 - F4 - GSS,WH-RM-00232
Section 4 - GSS,Section 4 - G1,Section 4 - G1 - GSS,WH-RM-00233
Section 4 - GSS,Section 4 - G2,Section 4 - G2 - GSS,WH-RM-00234
Section 4 - GSS,Section 4 - G3,Section 4 - G3 - GSS,WH-RM-00235
Section 4 - GSS,Section 4 - G4,Section 4 - G4 - GSS,WH-RM-00236
Section 5 - GSS,Section 5 - A1,Section 5 - A1 - GSS,WH-RM-00182
Section 5 - GSS,Section 5 - A2,Section 5 - A2 - GSS,WH-RM-00183
Section 5 - GSS,Section 5 - B1,Section 5 - B1 - GSS,WH-RM-00184
Section 5 - GSS,Section 5 - B2,Section 5 - B2 - GSS,WH-RM-00185
Section 5 - GSS,Section 5 - C1,Section 5 - C1 - GSS,WH-RM-00186
Section 5 - GSS,Section 5 - C2,Section 5 - C2 - GSS,WH-RM-00187
Section 5 - GSS,Section 5 - D1,Section 5 - D1 - GSS,WH-RM-00188
Section 5 - GSS,Section 5 - D2,Section 5 - D2 - GSS,WH-RM-00189
Section 5 - GSS,Section 5 - E1,Section 5 - E1 - GSS,WH-RM-00190
Section 5 - GSS,Section 5 - E2,Section 5 - E2 - GSS,WH-RM-00191
